{
  "Brian": {
    "slash": {
      "0": 1.149333,
      "1": 1.358333,
      "2": 1.541167,
      "3": 1.750167,
      "4": 1.959167,
      "5": 2.142,
      "6": 2.351,
      "7": 2.56,
      "8": 2.742833,
      "9": 2.951833,
      "10": 3.160833,
      "11": 3.343667,
      "12": 3.552667,
      "13": 3.761667,
      "14": 3.9445,
      "15": 4.1535,
      "16": 4.362333,
      "17": 4.545333,
      "18": 4.754167,
      "19": 4.937167
    },
    "speed": {
      "0": 1.149333,
      "1": 1.436667,
      "2": 1.28,
      "3": 1.3845,
      "4": 1.567333,
      "5": 1.645667,
      "6": 1.724,
      "7": 1.776333,
      "8": 1.854667,
      "9": 1.959167,
      "10": 2.115833,
      "11": 2.194167,
      "12": 2.2465,
      "13": 2.272667,
      "14": 2.272667,
      "15": 2.4555,
      "16": 2.533833,
      "17": 2.638333,
      "18": 2.716667,
      "19": 2.795
    }
  },
  "Amy": {
    "slash": {
      "0": 1.1755,
      "1": 1.3845,
      "2": 1.567333,
      "3": 1.776333,
      "4": 1.985333,
      "5": 2.168167,
      "6": 2.377167,
      "7": 2.586,
      "8": 2.769,
      "9": 2.978,
      "10": 3.160833,
      "11": 3.369833,
      "12": 3.578667,
      "13": 3.761667,
      "14": 3.9705,
      "15": 4.1795,
      "16": 4.362333,
      "17": 4.571333,
      "18": 4.780333,
      "19": 4.963167
    },
    "speed": {
      "0": 1.1755,
      "1": 1.4105,
      "2": 1.489,
      "3": 1.515,
      "4": 1.5935,
      "5": 1.6195,
      "6": 1.671833,
      "7": 1.671833,
      "8": 1.724,
      "9": 1.802333,
      "10": 1.854667,
      "11": 1.906833,
      "12": 1.959167,
      "13": 2.0375,
      "14": 2.168167,
      "15": 2.220333,
      "16": 2.324833,
      "17": 2.403167,
      "18": 2.403167,
      "19": 2.507667
    }
  },
  "Emma": {
    "slash": {
      "0": 1.1755,
      "1": 1.358333,
      "2": 1.567333,
      "3": 1.776333,
      "4": 1.959167,
      "5": 2.168167,
      "6": 2.377167,
      "7": 2.56,
      "8": 2.769,
      "9": 2.978,
      "10": 3.160833,
      "11": 3.369833,
      "12": 3.578667,
      "13": 3.761667,
      "14": 3.9705,
      "15": 4.1795,
      "16": 4.362333,
      "17": 4.571333,
      "18": 4.780333,
      "19": 4.963167
    },
    "speed": {
      "0": 1.1755,
      "1": 1.4105,
      "2": 1.253833,
      "3": 1.332167,
      "4": 1.3845,
      "5": 1.436667,
      "6": 1.489,
      "7": 1.541167,
      "8": 1.5935,
      "9": 1.645667,
      "10": 1.698,
      "11": 1.750167,
      "12": 1.802333,
      "13": 1.854667,
      "14": 1.906833,
      "15": 1.959167,
      "16": 2.011333,
      "17": 2.063667,
      "18": 2.115833,
      "19": 2.168167
    }
  },
  "Joanna": {
    "slash": {
      "0": 1.123167,
      "1": 1.306,
      "2": 1.515,
      "3": 1.724,
      "4": 1.906833,
      "5": 2.115833,
      "6": 2.324833,
      "7": 2.507667,
      "8": 2.716667,
      "9": 2.925667,
      "10": 3.1085,
      "11": 3.3175,
      "12": 3.5265,
      "13": 3.709333,
      "14": 3.918333,
      "15": 4.127333,
      "16": 4.310167,
      "17": 4.519167,
      "18": 4.728167,
      "19": 4.911
    },
    "speed": {
      "0": 1.123167,
      "1": 1.306,
      "2": 1.201667,
      "3": 1.306,
      "4": 1.462833,
      "5": 1.567333,
      "6": 1.698,
      "7": 1.802333,
      "8": 1.906833,
      "9": 2.011333,
      "10": 2.115833,
      "11": 2.220333,
      "12": 2.324833,
      "13": 2.429333,
      "14": 2.533833,
      "15": 2.638333,
      "16": 2.742833,
      "17": 2.847333,
      "18": 2.951833,
      "19": 3.082333
    }
  },
  "Kendra": {
    "slash": {
      "0": 1.227667,
      "1": 1.436667,
      "2": 1.6195,
      "3": 1.8285,
      "4": 2.0375,
      "5": 2.220333,
      "6": 2.429333,
      "7": 2.638333,
      "8": 2.821167,
      "9": 3.030167,
      "10": 3.239167,
      "11": 3.422,
      "12": 3.631,
      "13": 3.813833,
      "14": 4.022833,
      "15": 4.231833,
      "16": 4.414667,
      "17": 4.623667,
      "18": 4.832667,
      "19": 5.0155
    },
    "speed": {
      "0": 1.227667,
      "1": 1.567333,
      "2": 1.332167,
      "3": 1.4105,
      "4": 1.462833,
      "5": 1.541167,
      "6": 1.6195,
      "7": 1.671833,
      "8": 1.750167,
      "9": 1.802333,
      "10": 1.880833,
      "11": 1.933,
      "12": 2.011333,
      "13": 2.063667,
      "14": 2.142,
      "15": 2.220333,
      "16": 2.272667,
      "17": 2.351,
      "18": 2.403167,
      "19": 2.481667
    }
  },
  "Kimberly": {
    "slash": {
      "0": 1.201667,
      "1": 1.4105,
      "2": 1.6195,
      "3": 1.802333,
      "4": 2.011333,
      "5": 2.220333,
      "6": 2.403167,
      "7": 2.612167,
      "8": 2.821167,
      "9": 3.004,
      "10": 3.213,
      "11": 3.422,
      "12": 3.604833,
      "13": 3.813833,
      "14": 4.022833,
      "15": 4.205667,
      "16": 4.414667,
      "17": 4.5975,
      "18": 4.8065,
      "19": 5.0155
    },
    "speed": {
      "0": 1.201667,
      "1": 1.4105,
      "2": 1.358333,
      "3": 1.515,
      "4": 1.645667,
      "5": 1.750167,
      "6": 1.854667,
      "7": 1.959167,
      "8": 2.089833,
      "9": 2.194167,
      "10": 2.298667,
      "11": 2.429333,
      "12": 2.533833,
      "13": 2.638333,
      "14": 2.742833,
      "15": 2.8735,
      "16": 2.978,
      "17": 3.082333,
      "18": 3.213,
      "19": 3.3175
    }
  },
  "Salli": {
    "slash": {
      "0": 1.1755,
      "1": 1.3845,
      "2": 1.5935,
      "3": 1.776333,
      "4": 1.985333,
      "5": 2.194167,
      "6": 2.377167,
      "7": 2.586,
      "8": 2.795,
      "9": 2.978,
      "10": 3.186833,
      "11": 3.395833,
      "12": 3.578667,
      "13": 3.787667,
      "14": 3.996667,
      "15": 4.1795,
      "16": 4.3885,
      "17": 4.5975,
      "18": 4.780333,
      "19": 4.989333
    },
    "speed": {
      "0": 1.1755,
      "1": 1.515,
      "2": 1.306,
      "3": 1.332167,
      "4": 1.3845,
      "5": 1.436667,
      "6": 1.489,
      "7": 1.541167,
      "8": 1.5935,
      "9": 1.645667,
      "10": 1.698,
      "11": 1.750167,
      "12": 1.802333,
      "13": 1.854667,
      "14": 1.933,
      "15": 1.985333,
      "16": 2.0375,
      "17": 2.089833,
      "18": 2.142,
      "19": 2.194167
    }
  },
  "Joey": {
    "slash": {
      "0": 1.123167,
      "1": 1.332167,
      "2": 1.515,
      "3": 1.724,
      "4": 1.906833,
      "5": 2.115833,
      "6": 2.324833,
      "7": 2.507667,
      "8": 2.716667,
      "9": 2.925667,
      "10": 3.1085,
      "11": 3.3175,
      "12": 3.5265,
      "13": 3.709333,
      "14": 3.918333,
      "15": 4.127333,
      "16": 4.310167,
      "17": 4.519167,
      "18": 4.728167,
      "19": 4.911
    },
    "speed": {
      "0": 1.123167,
      "1": 1.201667,
      "2": 1.253833,
      "3": 1.332167,
      "4": 1.4105,
      "5": 1.489,
      "6": 1.567333,
      "7": 1.671833,
      "8": 1.802333,
      "9": 1.880833,
      "10": 1.985333,
      "11": 2.115833,
      "12": 2.194167,
      "13": 2.298667,
      "14": 2.429333,
      "15": 2.507667,
      "16": 2.612167,
      "17": 2.716667,
      "18": 2.821167,
      "19": 2.925667
    }
  },
  "Matthew": {
    "slash": {
      "0": 1.1755,
      "1": 1.3845,
      "2": 1.5935,
      "3": 1.776333,
      "4": 1.985333,
      "5": 2.168167,
      "6": 2.377167,
      "7": 2.586,
      "8": 2.769,
      "9": 2.978,
      "10": 3.186833,
      "11": 3.369833,
      "12": 3.578667,
      "13": 3.787667,
      "14": 3.9705,
      "15": 4.1795,
      "16": 4.3885,
      "17": 4.571333,
      "18": 4.780333,
      "19": 4.989333
    },
    "speed": {
      "0": 1.1755,
      "1": 1.332167,
      "2": 1.253833,
      "3": 1.28,
      "4": 1.306,
      "5": 1.358333,
      "6": 1.3845,
      "7": 1.4105,
      "8": 1.436667,
      "9": 1.489,
      "10": 1.515,
      "11": 1.567333,
      "12": 1.5935,
      "13": 1.6195,
      "14": 1.671833,
      "15": 1.698,
      "16": 1.724,
      "17": 1.750167,
      "18": 1.802333,
      "19": 1.8285
    }
  },