{
  "Brian": {
    "invexc": {
      "1": 1.933,
      "2": 3.578667,
      "3": 5.146,
      "4": 6.687333,
      "5": 8.333,
      "6": 10.031,
      "7": 11.781167,
      "8": 13.426833,
      "9": 15.438333,
      "10": 17.580333,
      "11": 19.591833,
      "12": 21.315833,
      "13": 22.987667,
      "14": 24.894667,
      "15": 26.801667,
      "16": 28.734667,
      "17": 31.216333,
      "18": 32.862,
      "19": 35.239167,
      "20": 37.407333,
      "21": 39.8105,
      "22": 41.5085,
      "23": 43.546,
      "24": 45.5575,
      "25": 47.4905,
      "26": 49.371333,
      "27": 53.080833,
      "28": 52.453833,
      "29": 54.5175,
      "30": 56.711833,
      "31": 58.697167,
      "32": 61.413833,
      "33": 64,
      "34": 65.933,
      "35": 67.213,
      "36": 69.276667,
      "37": 71.053,
      "38": 73.560833,
      "39": 75.180333,
      "40": 77.1395,
      "41": 78.785333,
      "42": 81.319167,
      "43": 83.670167,
      "44": 85.942833,
      "45": 87.771333,
      "46": 90.383667,
      "47": 92.238333,
      "48": 94.275833,
      "49": 96.809833,
      "50": 98.821167,
      "51": 100.1535,
      "52": 102.478333,
      "53": 103.915,
      "54": 105.325667,
      "55": 107.363167,
      "56": 109.1135,
      "57": 111.2555,
      "58": 113.502,
      "59": 115.0955,
      "60": 116.741167,
      "61": 118.491333,
      "62": 120.189333,
      "63": 121.7305,
      "64": 123.4285,
      "65": 125.100333,
      "66": 127.373,
      "67": 128.626833,
      "68": 130.795,
      "69": 132.8065,
      "70": 134.635,
      "71": 136.280833,
      "72": 138.736333,
      "73": 142.602333,
      "74": 145.110167,
      "75": 146.912667,
      "76": 149.551,
      "77": 151.771333,
      "78": 154.488167,
      "79": 156.604,
      "80": 158.511,
      "81": 160.391833,
      "82": 162.4555,
      "83": 166.060333,
      "84": 168.385333,
      "85": 170.893,
      "86": 172.173,
      "87": 174.524,
      "88": 176.64,
      "89": 178.390167,
      "90": 180.1665,
      "91": 182.0735,
      "92": 183.980333,
      "93": 185.965667,
      "94": 188.891333,
      "95": 190.458667,
      "96": 192,
      "97": 194.403167,
      "98": 196.5975,
      "99": 197.8775,
      "100": 200.907667
    },
    "parens": {
      "1": 1.489,
      "2": 2.6905,
      "3": 3.996667,
      "4": 5.2505,
      "5": 6.582833,
      "6": 7.653833,
      "7": 8.881667,
      "8": 10.187667,
      "9": 11.546,
      "10": 13.1395,
      "11": 14.158333,
      "12": 15.6735,
      "13": 16.7705,
      "14": 18.2595,
      "15": 19.5395,
      "16": 20.558333,
      "17": 21.577167,
      "18": 23.275,
      "19": 24.738,
      "20": 25.809,
      "21": 27.585333,
      "22": 29.1265,
      "23": 30.955,
      "24": 32.705333,
      "25": 33.933,
      "26": 34.298667,
      "27": 34.8735,
      "28": 36.519167,
      "29": 37.590167,
      "30": 39.340333,
      "31": 41.665333,
      "32": 42.5535,
      "33": 44.721667,
      "34": 45.244,
      "35": 48.352667,
      "36": 48.587667,
      "37": 49.789333,
      "38": 50.364,
      "39": 52.1665,
      "40": 54.021167,
      "41": 54.0995,
      "42": 56.267667,
      "43": 56.267667,
      "44": 57.809,
      "45": 59.689833,
      "46": 61.466,
      "47": 63.0595,
      "48": 63.738667,
      "49": 66.533833,
      "50": 69.329,
      "51": 70.347667,
      "52": 72.280833,
      "53": 72.463667,
      "54": 74.9975,
      "55": 75.493833,
      "56": 77.244,
      "57": 78.576333,
      "58": 79.569,
      "59": 80.875,
      "60": 82.729833,
      "61": 83.147667,
      "62": 85.629333,
      "63": 87.849833,
      "64": 89.521667,
      "65": 91.245667,
      "66": 92.081667,
      "67": 93.5445,
      "68": 94.040833,
      "69": 98.2465,
      "70": 99.1085,
      "71": 103.340333,
      "72": 104.150167,
      "73": 105.0905,
      "74": 106.5795,
      "75": 110.053833,
      "76": 111.542833,
      "77": 116.767333,
      "78": 118.360833,
      "79": 119.823667,
      "80": 123.2195,
      "81": 126.354167,
      "82": 130.4555,
      "83": 135.836667,
      "84": 137.456333,
      "85": 137.691333,
      "86": 140.225333,
      "87": 142.1845,
      "88": 144.666,
      "89": 146.546833,
      "90": 148.427667,
      "91": 149.838333,
      "92": 151.118333,
      "93": 153.7305,
      "94": 155.036667,
      "95": 157.283167,
      "96": 159.660333,
      "97": 161.1755,
      "98": 162.716667,
      "99": 165.276667,
      "100": 167.68
    },
    "gte": {
      "1": 1.645667,
      "2": 3.213,
      "3": 4.362333,
      "4": 5.407333,
      "5": 6.687333,
      "6": 7.915,
      "7": 9.247333,
      "8": 10.605667,
      "9": 12.199167,
      "10": 13.7665,
      "11": 15.072667,
      "12": 16.222,
      "13": 17.946,
      "14": 19.226,
      "15": 20.5845,
      "16": 22.0735,
      "17": 24.4505,
      "18": 25.887333,
      "19": 27.454667,
      "20": 29.387667,
      "21": 31.346833,
      "22": 32.888167,
      "23": 34.063667,
      "24": 35.082333,
      "25": 36.3885,
      "26": 37.616333,
      "27": 38.9485,
      "28": 40.306833,
      "29": 41.900333,
      "30": 43.441667,
      "31": 44.773833,
      "32": 45.923167,
      "33": 47.647333,
      "34": 48.927333,
      "35": 50.285667,
      "36": 51.774667,
      "37": 54.125667,
      "38": 55.5885,
      "39": 57.155833,
      "40": 59.062833,
      "41": 61.022,
      "42": 62.589333,
      "43": 63.738667,
      "44": 64.783667,
      "45": 66.089833,
      "46": 67.3175,
      "47": 68.623667,
      "48": 69.982,
      "49": 71.5755,
      "50": 73.142833,
      "51": 74.449,
      "52": 75.598333,
      "53": 77.322333,
      "54": 78.602333,
      "55": 79.986833,
      "56": 81.449833,
      "57": 83.826833,
      "58": 85.263667,
      "59": 86.831,
      "60": 88.764,
      "61": 90.723167,
      "62": 92.2645,
      "63": 93.44,
      "64": 94.458667,
      "65": 95.764833,
      "66": 96.992667,
      "67": 98.324833,
      "68": 99.683167,
      "69": 101.276667,
      "70": 102.818,
      "71": 104.150167,
      "72": 105.2995,
      "73": 107.023667,
      "74": 108.303667,
      "75": 109.662,
      "76": 111.151,
      "77": 113.502,
      "78": 114.964833,
      "79": 116.532167,
      "80": 118.439167,
      "81": 120.398333,
      "82": 121.965667,
      "83": 123.141167,
      "84": 124.16,
      "85": 125.466,
      "86": 126.693833,
      "87": 128.026,
      "88": 129.358333,
      "89": 130.978,
      "90": 132.519167,
      "91": 133.851333,
      "92": 134.974667,
      "93": 136.724833,
      "94": 137.978667,
      "95": 139.363167,
      "96": 140.852167,
      "97": 143.203167,
      "98": 144.64,
      "99": 146.207333,
      "100": 148.140333
    }
  },
  "Amy": {
    "invexc": {
      "1": 1.750167,
      "2": 3.265333,
      "3": 4.780333,
      "4": 6.2955,
      "5": 7.732167,
      "6": 9.247333,
      "7": 10.7885,
      "8": 12.251333,
      "9": 14.053833,
      "10": 15.4905,
      "11": 17.005667,
      "12": 18.703667,
      "13": 20.453833,
      "14": 22.178,
      "15": 24.111,
      "16": 25.887333,
      "17": 27.559167,
      "18": 29.204833,
      "19": 30.667667,
      "20": 32.261167,
      "21": 34.586,
      "22": 36.362333,
      "23": 38.191,
      "24": 40.306833,
      "25": 41.482333,
      "26": 43.6245,
      "27": 45.3485,
      "28": 47.2555,
      "29": 48.5355,
      "30": 50.2595,
      "31": 51.7485,
      "32": 53.342,
      "33": 55.902,
      "34": 57.756667,
      "35": 58.827667,
      "36": 60.447333,
      "37": 62.458667,
      "38": 67.291333,
      "39": 69.511833,
      "40": 71.5755,
      "41": 73.2995,
      "42": 76.225333,
      "43": 78.3935,
      "44": 79.4645,
      "45": 81.3975,
      "46": 83.487333,
      "47": 98.769,
      "48": 101.564,
      "49": 103.3665,
      "50": 105.560833,
      "51": 107.572167,
      "52": 110.08,
      "53": 112.222,
      "54": 113.92,
      "55": 116.767333,
      "56": 119.1445,